{"data":[{"Properties":{"domain":"ENSA.LOCAL","name":"NTAUTHCERTIFICATES@ENSA.LOCAL","distinguishedname":"CN=NTAUTHCERTIFICATES,CN=PUBLIC KEY SERVICES,CN=SERVICES,CN=CONFIGURATION,DC=ENSA,DC=LOCAL","domainsid":"S-1-5-21-2306204982-3938368387-2750566528","doesanyacegrantownerrights":false,"doesanyinheritedacegrantownerrights":false,"isaclprotected":false,"certthumbprints":["BD645167C46F047179FEC4A4483508B4566483DE"],"whencreated":1739914037},"DomainSID":"S-1-5-21-2306204982-3938368387-2750566528","Aces":[{"PrincipalSID":"S-1-5-21-2306204982-3938368387-2750566528-519","PrincipalType":"Group","RightName":"Owns","IsInherited":false,"InheritanceHash":""},{"PrincipalSID":"ENSA.LOCAL-S-1-5-32-544","PrincipalType":"Group","RightName":"GenericAll","IsInherited":false,"InheritanceHash":""},{"PrincipalSID":"S-1-5-21-2306204982-3938368387-2750566528-512","PrincipalType":"Group","RightName":"GenericAll","IsInherited":false,"InheritanceHash":""},{"PrincipalSID":"S-1-5-21-2306204982-3938368387-2750566528-519","PrincipalType":"Group","RightName":"GenericAll","IsInherited":false,"InheritanceHash":""},{"PrincipalSID":"S-1-5-21-2306204982-3938368387-2750566528-519","PrincipalType":"Group","RightName":"GenericAll","IsInherited":true,"InheritanceHash":"D40D5EF51C05A0EBDE044F7E0CCE3D7499CC5FBA"},{"PrincipalSID":"S-1-5-21-2306204982-3938368387-2750566528-512","PrincipalType":"Group","RightName":"WriteDacl","IsInherited":true,"InheritanceHash":"E60E7E649B47D32791C7A0C0DDDBF5C3255BF475"},{"PrincipalSID":"S-1-5-21-2306204982-3938368387-2750566528-512","PrincipalType":"Group","RightName":"WriteOwner","IsInherited":true,"InheritanceHash":"E60E7E649B47D32791C7A0C0DDDBF5C3255BF475"},{"PrincipalSID":"S-1-5-21-2306204982-3938368387-2750566528-512","PrincipalType":"Group","RightName":"GenericWrite","IsInherited":true,"InheritanceHash":"E60E7E649B47D32791C7A0C0DDDBF5C3255BF475"}],"ObjectIdentifier":"2FC7FD0B-0676-4A14-BD4A-7BEFD8EBDC0E","IsDeleted":false,"IsACLProtected":false,"ContainedBy":{"ObjectIdentifier":"62F5C6A4-ADCC-43CE-9494-12A539A46028","ObjectType":"Container"}}],"meta":{"methods":7107563,"type":"ntauthstores","count":1,"version":6,"collectorversion":"2.6.7.0"}}