{"data":[{"Properties":{"domain":"ENSA.LOCAL","name":"ENSA-ENSA-DC-CA@ENSA.LOCAL","distinguishedname":"CN=ENSA-ENSA-DC-CA,CN=CERTIFICATION AUTHORITIES,CN=PUBLIC KEY SERVICES,CN=SERVICES,CN=CONFIGURATION,DC=ENSA,DC=LOCAL","domainsid":"S-1-5-21-2306204982-3938368387-2750566528","doesanyacegrantownerrights":false,"doesanyinheritedacegrantownerrights":false,"isaclprotected":false,"whencreated":1739914037,"certthumbprint":"BD645167C46F047179FEC4A4483508B4566483DE","certname":"BD645167C46F047179FEC4A4483508B4566483DE","certchain":["BD645167C46F047179FEC4A4483508B4566483DE"],"hasbasicconstraints":false,"basicconstraintpathlength":0},"DomainSID":"S-1-5-21-2306204982-3938368387-2750566528","Aces":[{"PrincipalSID":"S-1-5-21-2306204982-3938368387-2750566528-519","PrincipalType":"Group","RightName":"Owns","IsInherited":false,"InheritanceHash":""},{"PrincipalSID":"ENSA.LOCAL-S-1-5-32-544","PrincipalType":"Group","RightName":"GenericAll","IsInherited":false,"InheritanceHash":""},{"PrincipalSID":"S-1-5-21-2306204982-3938368387-2750566528-512","PrincipalType":"Group","RightName":"GenericAll","IsInherited":false,"InheritanceHash":""},{"PrincipalSID":"S-1-5-21-2306204982-3938368387-2750566528-517","PrincipalType":"Group","RightName":"GenericAll","IsInherited":false,"InheritanceHash":""},{"PrincipalSID":"S-1-5-21-2306204982-3938368387-2750566528-519","PrincipalType":"Group","RightName":"GenericAll","IsInherited":false,"InheritanceHash":""},{"PrincipalSID":"S-1-5-21-2306204982-3938368387-2750566528-519","PrincipalType":"Group","RightName":"GenericAll","IsInherited":true,"InheritanceHash":"D40D5EF51C05A0EBDE044F7E0CCE3D7499CC5FBA"},{"PrincipalSID":"S-1-5-21-2306204982-3938368387-2750566528-512","PrincipalType":"Group","RightName":"WriteDacl","IsInherited":true,"InheritanceHash":"E60E7E649B47D32791C7A0C0DDDBF5C3255BF475"},{"PrincipalSID":"S-1-5-21-2306204982-3938368387-2750566528-512","PrincipalType":"Group","RightName":"WriteOwner","IsInherited":true,"InheritanceHash":"E60E7E649B47D32791C7A0C0DDDBF5C3255BF475"},{"PrincipalSID":"S-1-5-21-2306204982-3938368387-2750566528-512","PrincipalType":"Group","RightName":"GenericWrite","IsInherited":true,"InheritanceHash":"E60E7E649B47D32791C7A0C0DDDBF5C3255BF475"}],"ObjectIdentifier":"C95FA399-DE28-4C8C-A9D7-7EE2E263ECE8","IsDeleted":false,"IsACLProtected":false,"ContainedBy":{"ObjectIdentifier":"8EB147B6-1CC8-4B2B-BA2F-94812F7BC90F","ObjectType":"Container"}}],"meta":{"methods":7107563,"type":"rootcas","count":1,"version":6,"collectorversion":"2.6.7.0"}}