{"data":[{"Properties":{"domain":"ENSA.LOCAL","name":"ENSA-ENSA-DC-CA@ENSA.LOCAL","distinguishedname":"CN=ENSA-ENSA-DC-CA,CN=AIA,CN=PUBLIC KEY SERVICES,CN=SERVICES,CN=CONFIGURATION,DC=ENSA,DC=LOCAL","domainsid":"S-1-5-21-2306204982-3938368387-2750566528","doesanyacegrantownerrights":false,"doesanyinheritedacegrantownerrights":false,"isaclprotected":false,"whencreated":1739914037,"crosscertificatepair":[],"hascrosscertificatepair":false,"certthumbprint":"BD645167C46F047179FEC4A4483508B4566483DE","certname":"BD645167C46F047179FEC4A4483508B4566483DE","certchain":["BD645167C46F047179FEC4A4483508B4566483DE"],"hasbasicconstraints":false,"basicconstraintpathlength":0},"Aces":[{"PrincipalSID":"S-1-5-21-2306204982-3938368387-2750566528-519","PrincipalType":"Group","RightName":"Owns","IsInherited":false,"InheritanceHash":""},{"PrincipalSID":"ENSA.LOCAL-S-1-5-32-544","PrincipalType":"Group","RightName":"GenericAll","IsInherited":false,"InheritanceHash":""},{"PrincipalSID":"S-1-5-21-2306204982-3938368387-2750566528-512","PrincipalType":"Group","RightName":"GenericAll","IsInherited":false,"InheritanceHash":""},{"PrincipalSID":"S-1-5-21-2306204982-3938368387-2750566528-519","PrincipalType":"Group","RightName":"GenericAll","IsInherited":false,"InheritanceHash":""},{"PrincipalSID":"S-1-5-21-2306204982-3938368387-2750566528-1000","PrincipalType":"Computer","RightName":"GenericAll","IsInherited":false,"InheritanceHash":""},{"PrincipalSID":"S-1-5-21-2306204982-3938368387-2750566528-519","PrincipalType":"Group","RightName":"GenericAll","IsInherited":true,"InheritanceHash":"D40D5EF51C05A0EBDE044F7E0CCE3D7499CC5FBA"},{"PrincipalSID":"S-1-5-21-2306204982-3938368387-2750566528-512","PrincipalType":"Group","RightName":"WriteDacl","IsInherited":true,"InheritanceHash":"E60E7E649B47D32791C7A0C0DDDBF5C3255BF475"},{"PrincipalSID":"S-1-5-21-2306204982-3938368387-2750566528-512","PrincipalType":"Group","RightName":"WriteOwner","IsInherited":true,"InheritanceHash":"E60E7E649B47D32791C7A0C0DDDBF5C3255BF475"},{"PrincipalSID":"S-1-5-21-2306204982-3938368387-2750566528-512","PrincipalType":"Group","RightName":"GenericWrite","IsInherited":true,"InheritanceHash":"E60E7E649B47D32791C7A0C0DDDBF5C3255BF475"}],"ObjectIdentifier":"C355FA3F-7BF7-4772-B8D8-EDF7C9143679","IsDeleted":false,"IsACLProtected":false,"ContainedBy":{"ObjectIdentifier":"F710D33A-6C6B-4B4E-B6B6-C5E8A1BB5AE2","ObjectType":"Container"}}],"meta":{"methods":7107563,"type":"aiacas","count":1,"version":6,"collectorversion":"2.6.7.0"}}