{"data":[{"Properties":{"domain":"ENSA.LOCAL","name":"ENSA-ENSA-DC-CA@ENSA.LOCAL","distinguishedname":"CN=ENSA-ENSA-DC-CA,CN=ENROLLMENT SERVICES,CN=PUBLIC KEY SERVICES,CN=SERVICES,CN=CONFIGURATION,DC=ENSA,DC=LOCAL","domainsid":"S-1-5-21-2306204982-3938368387-2750566528","doesanyacegrantownerrights":false,"doesanyinheritedacegrantownerrights":false,"isaclprotected":false,"whencreated":1739914037,"flags":"SUPPORTS_NT_AUTHENTICATION, CA_SERVERTYPE_ADVANCED","caname":"ENSA-ENSA-DC-CA","dnshostname":"ENSA-DC.ENSA.local","certthumbprint":"BD645167C46F047179FEC4A4483508B4566483DE","certname":"BD645167C46F047179FEC4A4483508B4566483DE","certchain":["BD645167C46F047179FEC4A4483508B4566483DE"],"hasbasicconstraints":false,"basicconstraintpathlength":0,"unresolvedpublishedtemplates":[]},"HostingComputer":"S-1-5-21-2306204982-3938368387-2750566528-1000","CARegistryData":null,"EnabledCertTemplates":[{"ObjectIdentifier":"3DC73899-4BB3-473A-90BD-B65E87EF2F7F","ObjectType":"CertTemplate"},{"ObjectIdentifier":"814EC006-069A-4B9F-A90F-80DA89C5A15D","ObjectType":"CertTemplate"},{"ObjectIdentifier":"7F02D29F-F591-495E-978C-5E35804C030F","ObjectType":"CertTemplate"},{"ObjectIdentifier":"60182C1D-F53C-400C-904E-70576B81C735","ObjectType":"CertTemplate"},{"ObjectIdentifier":"00B4BFAE-02F7-4EF0-96B4-F74E59DCAE72","ObjectType":"CertTemplate"},{"ObjectIdentifier":"5C6A2318-A54A-4EF1-8D98-3C4856DB0B4F","ObjectType":"CertTemplate"},{"ObjectIdentifier":"A722DDF2-7A1E-41CC-BE45-A3DBA985821C","ObjectType":"CertTemplate"},{"ObjectIdentifier":"BFB8F0CC-32F9-4493-9782-76FFFF4F189A","ObjectType":"CertTemplate"},{"ObjectIdentifier":"8DB1E944-292C-4692-ABD6-3D38E4058FF6","ObjectType":"CertTemplate"},{"ObjectIdentifier":"F2B49317-539B-454F-90BA-5B80FACC7B0D","ObjectType":"CertTemplate"},{"ObjectIdentifier":"94A52FB0-5CE8-4155-8800-E79BD5456800","ObjectType":"CertTemplate"}],"HttpEnrollmentEndpoints":[{"Result":null,"Collected":false,"FailureReason":"HttpRequestException occured checking NTLM accessibility for URL: http://ensa-dc.ensa.local/certsrv/. Exception: Response status code does not indicate success: 404 (Not Found)."},{"Result":{"Url":"https://ENSA-DC.ENSA.local/certsrv/","Type":"WebEnrollmentApplication","Status":"NotVulnerable_PortInaccessible","ADCSWebEnrollmentHTTP":false,"ADCSWebEnrollmentHTTPS":false,"ADCSWebEnrollmentEPA":false},"Collected":true,"FailureReason":null},{"Result":null,"Collected":false,"FailureReason":"HttpRequestException occured checking NTLM accessibility for URL: http://ensa-dc.ensa.local/ENSA-ENSA-DC-CA_CES_Kerberos/service.svc. Exception: Response status code does not indicate success: 404 (Not Found)."},{"Result":{"Url":"https://ENSA-DC.ENSA.local/ENSA-ENSA-DC-CA_CES_Kerberos/service.svc","Type":"EnrollmentWebService","Status":"NotVulnerable_PortInaccessible","ADCSWebEnrollmentHTTP":false,"ADCSWebEnrollmentHTTPS":false,"ADCSWebEnrollmentEPA":false},"Collected":true,"FailureReason":null}],"Aces":[{"PrincipalSID":"S-1-5-21-2306204982-3938368387-2750566528-519","PrincipalType":"Group","RightName":"Owns","IsInherited":false,"InheritanceHash":""},{"PrincipalSID":"S-1-5-21-2306204982-3938368387-2750566528-519","PrincipalType":"Group","RightName":"WriteDacl","IsInherited":false,"InheritanceHash":""},{"PrincipalSID":"S-1-5-21-2306204982-3938368387-2750566528-519","PrincipalType":"Group","RightName":"WriteOwner","IsInherited":false,"InheritanceHash":""},{"PrincipalSID":"S-1-5-21-2306204982-3938368387-2750566528-519","PrincipalType":"Group","RightName":"GenericWrite","IsInherited":false,"InheritanceHash":""},{"PrincipalSID":"S-1-5-21-2306204982-3938368387-2750566528-519","PrincipalType":"Group","RightName":"ManageCA","IsInherited":false,"InheritanceHash":""},{"PrincipalSID":"S-1-5-21-2306204982-3938368387-2750566528-519","PrincipalType":"Group","RightName":"ManageCertificates","IsInherited":false,"InheritanceHash":""},{"PrincipalSID":"S-1-5-21-2306204982-3938368387-2750566528-1000","PrincipalType":"Computer","RightName":"WriteDacl","IsInherited":false,"InheritanceHash":""},{"PrincipalSID":"S-1-5-21-2306204982-3938368387-2750566528-1000","PrincipalType":"Computer","RightName":"WriteOwner","IsInherited":false,"InheritanceHash":""},{"PrincipalSID":"S-1-5-21-2306204982-3938368387-2750566528-1000","PrincipalType":"Computer","RightName":"GenericWrite","IsInherited":false,"InheritanceHash":""},{"PrincipalSID":"S-1-5-21-2306204982-3938368387-2750566528-1000","PrincipalType":"Computer","RightName":"ManageCA","IsInherited":false,"InheritanceHash":""},{"PrincipalSID":"S-1-5-21-2306204982-3938368387-2750566528-1000","PrincipalType":"Computer","RightName":"ManageCertificates","IsInherited":false,"InheritanceHash":""},{"PrincipalSID":"ENSA.LOCAL-S-1-5-11","PrincipalType":"Group","RightName":"Enroll","IsInherited":false,"InheritanceHash":""},{"PrincipalSID":"S-1-5-21-2306204982-3938368387-2750566528-519","PrincipalType":"Group","RightName":"GenericAll","IsInherited":true,"InheritanceHash":"D40D5EF51C05A0EBDE044F7E0CCE3D7499CC5FBA"},{"PrincipalSID":"S-1-5-21-2306204982-3938368387-2750566528-512","PrincipalType":"Group","RightName":"WriteDacl","IsInherited":true,"InheritanceHash":"E60E7E649B47D32791C7A0C0DDDBF5C3255BF475"},{"PrincipalSID":"S-1-5-21-2306204982-3938368387-2750566528-512","PrincipalType":"Group","RightName":"WriteOwner","IsInherited":true,"InheritanceHash":"E60E7E649B47D32791C7A0C0DDDBF5C3255BF475"},{"PrincipalSID":"S-1-5-21-2306204982-3938368387-2750566528-512","PrincipalType":"Group","RightName":"GenericWrite","IsInherited":true,"InheritanceHash":"E60E7E649B47D32791C7A0C0DDDBF5C3255BF475"},{"PrincipalSID":"S-1-5-21-2306204982-3938368387-2750566528-512","PrincipalType":"Group","RightName":"ManageCA","IsInherited":true,"InheritanceHash":"E60E7E649B47D32791C7A0C0DDDBF5C3255BF475"}],"ObjectIdentifier":"72136B1B-D097-43D9-86E9-82EF67000F84","IsDeleted":false,"IsACLProtected":false,"ContainedBy":{"ObjectIdentifier":"DAF86D01-7622-4617-BDD1-8B0FCEAC2386","ObjectType":"Container"}}],"meta":{"methods":7107563,"type":"enterprisecas","count":1,"version":6,"collectorversion":"2.6.7.0"}}