{"data":[{"Properties":{"domain":"ENSA.LOCAL","name":"WINDOWS10.ENSA.LOCAL","distinguishedname":"CN=WINDOWS10,CN=COMPUTERS,DC=ENSA,DC=LOCAL","domainsid":"S-1-5-21-2306204982-3938368387-2750566528","samaccountname":"WINDOWS10$","haslaps":false,"doesanyacegrantownerrights":false,"doesanyinheritedacegrantownerrights":false,"isaclprotected":false,"whencreated":1741773717,"enabled":true,"unconstraineddelegation":false,"trustedtoauth":false,"isdc":false,"encryptedtextpwdallowed":false,"usedeskeyonly":false,"logonscriptenabled":false,"lockedout":false,"passwordexpired":false,"supportedencryptiontypes":["RC4-HMAC-MD5","AES128-CTS-HMAC-SHA1-96","AES256-CTS-HMAC-SHA1-96"],"lastlogon":1741780562,"lastlogontimestamp":1741773718,"pwdlastset":1741773717,"serviceprincipalnames":["RestrictedKrbHost/WINDOWS10","HOST/WINDOWS10","RestrictedKrbHost/Windows10.ENSA.local","HOST/Windows10.ENSA.local"],"email":null,"useraccountcontrol":4096,"operatingsystem":"Windows 10 Enterprise Evaluation","sidhistory":[]},"PrimaryGroupSID":"S-1-5-21-2306204982-3938368387-2750566528-515","AllowedToDelegate":[],"AllowedToAct":[],"HasSIDHistory":[],"DumpSMSAPassword":[],"Sessions":{"Results":[],"Collected":false,"FailureReason":null},"PrivilegedSessions":{"Results":[],"Collected":false,"FailureReason":null},"RegistrySessions":{"Results":[],"Collected":false,"FailureReason":null},"LocalGroups":[],"UserRights":[],"DCRegistryData":{"CertificateMappingMethods":null,"StrongCertificateBindingEnforcement":null},"Status":{"Connectable":false,"Error":"NotActive"},"IsDC":false,"UnconstrainedDelegation":false,"DomainSID":"S-1-5-21-2306204982-3938368387-2750566528","IsWebClientRunning":null,"SmbInfo":null,"NtlmSessions":null,"NTLMRegistryData":null,"Aces":[{"PrincipalSID":"S-1-5-21-2306204982-3938368387-2750566528-512","PrincipalType":"Group","RightName":"Owns","IsInherited":false,"InheritanceHash":""},{"PrincipalSID":"ENSA.LOCAL-S-1-5-32-548","PrincipalType":"Group","RightName":"GenericAll","IsInherited":false,"InheritanceHash":""},{"PrincipalSID":"S-1-5-21-2306204982-3938368387-2750566528-512","PrincipalType":"Group","RightName":"GenericAll","IsInherited":false,"InheritanceHash":""},{"PrincipalSID":"S-1-5-21-2306204982-3938368387-2750566528-512","PrincipalType":"Group","RightName":"WriteAccountRestrictions","IsInherited":false,"InheritanceHash":""},{"PrincipalSID":"S-1-5-21-2306204982-3938368387-2750566528-526","PrincipalType":"Group","RightName":"AddKeyCredentialLink","IsInherited":true,"InheritanceHash":"FAC5FCE5A7E7ECBC765D48290158142F614B1FF0"},{"PrincipalSID":"S-1-5-21-2306204982-3938368387-2750566528-527","PrincipalType":"Group","RightName":"AddKeyCredentialLink","IsInherited":true,"InheritanceHash":"7B42EC3DEFCEA1CEF69D2F274354C8D25A982D19"},{"PrincipalSID":"S-1-5-21-2306204982-3938368387-2750566528-519","PrincipalType":"Group","RightName":"GenericAll","IsInherited":true,"InheritanceHash":"D40D5EF51C05A0EBDE044F7E0CCE3D7499CC5FBA"},{"PrincipalSID":"ENSA.LOCAL-S-1-5-32-544","PrincipalType":"Group","RightName":"WriteDacl","IsInherited":true,"InheritanceHash":"62C26D4FB3FF64505B03CDD35D648DFBC6C157CC"},{"PrincipalSID":"ENSA.LOCAL-S-1-5-32-544","PrincipalType":"Group","RightName":"WriteOwner","IsInherited":true,"InheritanceHash":"62C26D4FB3FF64505B03CDD35D648DFBC6C157CC"},{"PrincipalSID":"ENSA.LOCAL-S-1-5-32-544","PrincipalType":"Group","RightName":"GenericWrite","IsInherited":true,"InheritanceHash":"62C26D4FB3FF64505B03CDD35D648DFBC6C157CC"}],"ObjectIdentifier":"S-1-5-21-2306204982-3938368387-2750566528-1110","IsDeleted":false,"IsACLProtected":false,"ContainedBy":{"ObjectIdentifier":"ACA6BD92-1D84-48C4-BAB6-694A09C3EF8B","ObjectType":"Container"}},{"Properties":{"domain":"ENSA.LOCAL","name":"SOUFIANE.ENSA.LOCAL","distinguishedname":"CN=SOUFIANE,CN=COMPUTERS,DC=ENSA,DC=LOCAL","domainsid":"S-1-5-21-2306204982-3938368387-2750566528","samaccountname":"SOUFIANE$","haslaps":false,"doesanyacegrantownerrights":false,"doesanyinheritedacegrantownerrights":false,"isaclprotected":false,"whencreated":1741520860,"enabled":true,"unconstraineddelegation":false,"trustedtoauth":false,"isdc":false,"encryptedtextpwdallowed":false,"usedeskeyonly":false,"logonscriptenabled":false,"lockedout":false,"passwordexpired":false,"supportedencryptiontypes":["RC4-HMAC-MD5","AES128-CTS-HMAC-SHA1-96","AES256-CTS-HMAC-SHA1-96"],"lastlogon":1750447354,"lastlogontimestamp":1749894974,"pwdlastset":1749894975,"serviceprincipalnames":["WSMAN/soufiane.ENSA.local","RestrictedKrbHost/soufiane.ENSA.local","HOST/soufiane.ENSA.local","WSMAN/SOUFIANE","RestrictedKrbHost/SOUFIANE","HOST/SOUFIANE"],"email":null,"useraccountcontrol":4096,"operatingsystem":"Windows 10 Enterprise Evaluation","sidhistory":[]},"PrimaryGroupSID":"S-1-5-21-2306204982-3938368387-2750566528-515","AllowedToDelegate":[],"AllowedToAct":[],"HasSIDHistory":[],"DumpSMSAPassword":[],"Sessions":{"Results":[],"Collected":true,"FailureReason":null},"PrivilegedSessions":{"Results":[],"Collected":false,"FailureReason":null},"RegistrySessions":{"Results":[],"Collected":false,"FailureReason":null},"LocalGroups":[{"ObjectIdentifier":"S-1-5-21-2306204982-3938368387-2750566528-1109-579","Name":"ACCESS CONTROL ASSISTANCE OPERATORS@SOUFIANE.ENSA.LOCAL","Results":[],"LocalNames":[],"Collected":true,"FailureReason":null},{"ObjectIdentifier":"S-1-5-21-2306204982-3938368387-2750566528-1109-544","Name":"ADMINISTRATORS@SOUFIANE.ENSA.LOCAL","Results":[{"ObjectIdentifier":"S-1-5-21-2306204982-3938368387-2750566528-512","ObjectType":"Group"},{"ObjectIdentifier":"S-1-5-21-2306204982-3938368387-2750566528-1103","ObjectType":"User"},{"ObjectIdentifier":"S-1-5-21-2306204982-3938368387-2750566528-1106","ObjectType":"User"}],"LocalNames":[],"Collected":true,"FailureReason":null},{"ObjectIdentifier":"S-1-5-21-2306204982-3938368387-2750566528-1109-551","Name":"BACKUP OPERATORS@SOUFIANE.ENSA.LOCAL","Results":[],"LocalNames":[],"Collected":true,"FailureReason":null},{"ObjectIdentifier":"S-1-5-21-2306204982-3938368387-2750566528-1109-569","Name":"CRYPTOGRAPHIC OPERATORS@SOUFIANE.ENSA.LOCAL","Results":[],"LocalNames":[],"Collected":true,"FailureReason":null},{"ObjectIdentifier":"S-1-5-21-2306204982-3938368387-2750566528-1109-583","Name":"DEVICE OWNERS@SOUFIANE.ENSA.LOCAL","Results":[],"LocalNames":[],"Collected":true,"FailureReason":null},{"ObjectIdentifier":"S-1-5-21-2306204982-3938368387-2750566528-1109-562","Name":"DISTRIBUTED COM USERS@SOUFIANE.ENSA.LOCAL","Results":[],"LocalNames":[],"Collected":true,"FailureReason":null},{"ObjectIdentifier":"S-1-5-21-2306204982-3938368387-2750566528-1109-573","Name":"EVENT LOG READERS@SOUFIANE.ENSA.LOCAL","Results":[],"LocalNames":[],"Collected":true,"FailureReason":null},{"ObjectIdentifier":"S-1-5-21-2306204982-3938368387-2750566528-1109-546","Name":"GUESTS@SOUFIANE.ENSA.LOCAL","Results":[],"LocalNames":[],"Collected":true,"FailureReason":null},{"ObjectIdentifier":"S-1-5-21-2306204982-3938368387-2750566528-1109-578","Name":"HYPER-V ADMINISTRATORS@SOUFIANE.ENSA.LOCAL","Results":[],"LocalNames":[],"Collected":true,"FailureReason":null},{"ObjectIdentifier":"S-1-5-21-2306204982-3938368387-2750566528-1109-568","Name":"IIS_IUSRS@SOUFIANE.ENSA.LOCAL","Results":[{"ObjectIdentifier":"S-1-5-21-2306204982-3938368387-2750566528-1109-17","ObjectType":"LocalUser"}],"LocalNames":[],"Collected":true,"FailureReason":null},{"ObjectIdentifier":"S-1-5-21-2306204982-3938368387-2750566528-1109-556","Name":"NETWORK CONFIGURATION OPERATORS@SOUFIANE.ENSA.LOCAL","Results":[],"LocalNames":[],"Collected":true,"FailureReason":null},{"ObjectIdentifier":"S-1-5-21-2306204982-3938368387-2750566528-1109-559","Name":"PERFORMANCE LOG USERS@SOUFIANE.ENSA.LOCAL","Results":[],"LocalNames":[],"Collected":true,"FailureReason":null},{"ObjectIdentifier":"S-1-5-21-2306204982-3938368387-2750566528-1109-558","Name":"PERFORMANCE MONITOR USERS@SOUFIANE.ENSA.LOCAL","Results":[],"LocalNames":[],"Collected":true,"FailureReason":null},{"ObjectIdentifier":"S-1-5-21-2306204982-3938368387-2750566528-1109-547","Name":"POWER USERS@SOUFIANE.ENSA.LOCAL","Results":[],"LocalNames":[],"Collected":true,"FailureReason":null},{"ObjectIdentifier":"S-1-5-21-2306204982-3938368387-2750566528-1109-555","Name":"REMOTE DESKTOP USERS@SOUFIANE.ENSA.LOCAL","Results":[],"LocalNames":[],"Collected":true,"FailureReason":null},{"ObjectIdentifier":"S-1-5-21-2306204982-3938368387-2750566528-1109-580","Name":"REMOTE MANAGEMENT USERS@SOUFIANE.ENSA.LOCAL","Results":[],"LocalNames":[],"Collected":true,"FailureReason":null},{"ObjectIdentifier":"S-1-5-21-2306204982-3938368387-2750566528-1109-552","Name":"REPLICATOR@SOUFIANE.ENSA.LOCAL","Results":[],"LocalNames":[],"Collected":true,"FailureReason":null},{"ObjectIdentifier":"S-1-5-21-2306204982-3938368387-2750566528-1109-581","Name":"SYSTEM MANAGED ACCOUNTS GROUP@SOUFIANE.ENSA.LOCAL","Results":[],"LocalNames":[],"Collected":true,"FailureReason":null},{"ObjectIdentifier":"S-1-5-21-2306204982-3938368387-2750566528-1109-545","Name":"USERS@SOUFIANE.ENSA.LOCAL","Results":[{"ObjectIdentifier":"ENSA.LOCAL-S-1-5-11","ObjectType":"Group"},{"ObjectIdentifier":"S-1-5-21-2306204982-3938368387-2750566528-513","ObjectType":"Group"},{"ObjectIdentifier":"S-1-5-21-2306204982-3938368387-2750566528-1106","ObjectType":"User"}],"LocalNames":[],"Collected":true,"FailureReason":null}],"UserRights":[],"DCRegistryData":{"CertificateMappingMethods":null,"StrongCertificateBindingEnforcement":null},"Status":null,"IsDC":false,"UnconstrainedDelegation":false,"DomainSID":"S-1-5-21-2306204982-3938368387-2750566528","IsWebClientRunning":{"Result":false,"Collected":true,"FailureReason":null},"SmbInfo":{"Result":{"SigningEnabled":false},"Collected":true,"FailureReason":null},"NtlmSessions":null,"NTLMRegistryData":null,"Aces":[{"PrincipalSID":"S-1-5-21-2306204982-3938368387-2750566528-512","PrincipalType":"Group","RightName":"Owns","IsInherited":false,"InheritanceHash":""},{"PrincipalSID":"ENSA.LOCAL-S-1-5-32-548","PrincipalType":"Group","RightName":"GenericAll","IsInherited":false,"InheritanceHash":""},{"PrincipalSID":"S-1-5-21-2306204982-3938368387-2750566528-512","PrincipalType":"Group","RightName":"GenericAll","IsInherited":false,"InheritanceHash":""},{"PrincipalSID":"S-1-5-21-2306204982-3938368387-2750566528-1106","PrincipalType":"User","RightName":"WriteAccountRestrictions","IsInherited":false,"InheritanceHash":""},{"PrincipalSID":"S-1-5-21-2306204982-3938368387-2750566528-526","PrincipalType":"Group","RightName":"AddKeyCredentialLink","IsInherited":true,"InheritanceHash":"FAC5FCE5A7E7ECBC765D48290158142F614B1FF0"},{"PrincipalSID":"S-1-5-21-2306204982-3938368387-2750566528-527","PrincipalType":"Group","RightName":"AddKeyCredentialLink","IsInherited":true,"InheritanceHash":"7B42EC3DEFCEA1CEF69D2F274354C8D25A982D19"},{"PrincipalSID":"S-1-5-21-2306204982-3938368387-2750566528-519","PrincipalType":"Group","RightName":"GenericAll","IsInherited":true,"InheritanceHash":"D40D5EF51C05A0EBDE044F7E0CCE3D7499CC5FBA"},{"PrincipalSID":"ENSA.LOCAL-S-1-5-32-544","PrincipalType":"Group","RightName":"WriteDacl","IsInherited":true,"InheritanceHash":"62C26D4FB3FF64505B03CDD35D648DFBC6C157CC"},{"PrincipalSID":"ENSA.LOCAL-S-1-5-32-544","PrincipalType":"Group","RightName":"WriteOwner","IsInherited":true,"InheritanceHash":"62C26D4FB3FF64505B03CDD35D648DFBC6C157CC"},{"PrincipalSID":"ENSA.LOCAL-S-1-5-32-544","PrincipalType":"Group","RightName":"GenericWrite","IsInherited":true,"InheritanceHash":"62C26D4FB3FF64505B03CDD35D648DFBC6C157CC"}],"ObjectIdentifier":"S-1-5-21-2306204982-3938368387-2750566528-1109","IsDeleted":false,"IsACLProtected":false,"ContainedBy":{"ObjectIdentifier":"ACA6BD92-1D84-48C4-BAB6-694A09C3EF8B","ObjectType":"Container"}},{"Properties":{"domain":"ENSA.LOCAL","name":"ENSA-DC.ENSA.LOCAL","distinguishedname":"CN=ENSA-DC,OU=DOMAIN CONTROLLERS,DC=ENSA,DC=LOCAL","domainsid":"S-1-5-21-2306204982-3938368387-2750566528","samaccountname":"ENSA-DC$","haslaps":false,"doesanyacegrantownerrights":false,"doesanyinheritedacegrantownerrights":false,"isaclprotected":false,"whencreated":1739469339,"enabled":true,"unconstraineddelegation":true,"trustedtoauth":false,"isdc":true,"encryptedtextpwdallowed":false,"usedeskeyonly":false,"logonscriptenabled":false,"lockedout":false,"passwordexpired":false,"supportedencryptiontypes":["RC4-HMAC-MD5","AES128-CTS-HMAC-SHA1-96","AES256-CTS-HMAC-SHA1-96"],"lastlogon":1750430998,"lastlogontimestamp":1749891105,"pwdlastset":1748994964,"serviceprincipalnames":["Dfsr-12F9A27C-BF97-4787-9364-D31B6C55EB04/ENSA-DC.ENSA.local","ldap/ENSA-DC.ENSA.local/ForestDnsZones.ENSA.local","ldap/ENSA-DC.ENSA.local/DomainDnsZones.ENSA.local","DNS/ENSA-DC.ENSA.local","GC/ENSA-DC.ENSA.local/ENSA.local","RestrictedKrbHost/ENSA-DC.ENSA.local","RestrictedKrbHost/ENSA-DC","RPC/80cc67db-89f8-4495-b566-37c30b3f799a._msdcs.ENSA.local","HOST/ENSA-DC/ENSA","HOST/ENSA-DC.ENSA.local/ENSA","HOST/ENSA-DC","HOST/ENSA-DC.ENSA.local","HOST/ENSA-DC.ENSA.local/ENSA.local","E3514235-4B06-11D1-AB04-00C04FC2DCD2/80cc67db-89f8-4495-b566-37c30b3f799a/ENSA.local","ldap/ENSA-DC/ENSA","ldap/80cc67db-89f8-4495-b566-37c30b3f799a._msdcs.ENSA.local","ldap/ENSA-DC.ENSA.local/ENSA","ldap/ENSA-DC","ldap/ENSA-DC.ENSA.local","ldap/ENSA-DC.ENSA.local/ENSA.local"],"email":null,"useraccountcontrol":532480,"operatingsystem":"Windows Server 2019 Standard Evaluation","sidhistory":[],"ldapavailable":true,"ldapsavailable":true,"ldapsepa":true,"ldapsigning":true},"PrimaryGroupSID":"S-1-5-21-2306204982-3938368387-2750566528-516","AllowedToDelegate":[],"AllowedToAct":[],"HasSIDHistory":[],"DumpSMSAPassword":[],"Sessions":{"Results":[],"Collected":false,"FailureReason":"ErrorAccessDenied"},"PrivilegedSessions":{"Results":[],"Collected":false,"FailureReason":null},"RegistrySessions":{"Results":[],"Collected":false,"FailureReason":null},"LocalGroups":[{"ObjectIdentifier":"ENSA.LOCAL-S-1-5-32-549","Name":"IGNOREME","Results":[],"LocalNames":[],"Collected":true,"FailureReason":null},{"ObjectIdentifier":"ENSA.LOCAL-S-1-5-32-548","Name":"IGNOREME","Results":[],"LocalNames":[],"Collected":true,"FailureReason":null},{"ObjectIdentifier":"ENSA.LOCAL-S-1-5-32-554","Name":"IGNOREME","Results":[{"ObjectIdentifier":"ENSA.LOCAL-S-1-5-11","ObjectType":"Group"},{"ObjectIdentifier":"S-1-5-21-2306204982-3938368387-2750566528-1000","ObjectType":"Computer"}],"LocalNames":[],"Collected":true,"FailureReason":null},{"ObjectIdentifier":"ENSA.LOCAL-S-1-5-32-557","Name":"IGNOREME","Results":[],"LocalNames":[],"Collected":true,"FailureReason":null},{"ObjectIdentifier":"ENSA.LOCAL-S-1-5-32-560","Name":"IGNOREME","Results":[{"ObjectIdentifier":"ENSA.LOCAL-S-1-5-9","ObjectType":"Group"}],"LocalNames":[],"Collected":true,"FailureReason":null},{"ObjectIdentifier":"ENSA.LOCAL-S-1-5-32-561","Name":"IGNOREME","Results":[],"LocalNames":[],"Collected":true,"FailureReason":null},{"ObjectIdentifier":"ENSA.LOCAL-S-1-5-32-544","Name":"IGNOREME","Results":[{"ObjectIdentifier":"S-1-5-21-2306204982-3938368387-2750566528-500","ObjectType":"User"},{"ObjectIdentifier":"S-1-5-21-2306204982-3938368387-2750566528-519","ObjectType":"Group"},{"ObjectIdentifier":"S-1-5-21-2306204982-3938368387-2750566528-512","ObjectType":"Group"},{"ObjectIdentifier":"S-1-5-21-2306204982-3938368387-2750566528-1104","ObjectType":"User"},{"ObjectIdentifier":"S-1-5-21-2306204982-3938368387-2750566528-1107","ObjectType":"User"}],"LocalNames":[],"Collected":true,"FailureReason":null},{"ObjectIdentifier":"ENSA.LOCAL-S-1-5-32-545","Name":"IGNOREME","Results":[{"ObjectIdentifier":"ENSA.LOCAL-S-1-5-11","ObjectType":"Group"},{"ObjectIdentifier":"S-1-5-21-2306204982-3938368387-2750566528-513","ObjectType":"Group"}],"LocalNames":[],"Collected":true,"FailureReason":null},{"ObjectIdentifier":"ENSA.LOCAL-S-1-5-32-546","Name":"IGNOREME","Results":[{"ObjectIdentifier":"S-1-5-21-2306204982-3938368387-2750566528-501","ObjectType":"User"},{"ObjectIdentifier":"S-1-5-21-2306204982-3938368387-2750566528-514","ObjectType":"Group"}],"LocalNames":[],"Collected":true,"FailureReason":null},{"ObjectIdentifier":"ENSA.LOCAL-S-1-5-32-550","Name":"IGNOREME","Results":[],"LocalNames":[],"Collected":true,"FailureReason":null},{"ObjectIdentifier":"ENSA.LOCAL-S-1-5-32-551","Name":"IGNOREME","Results":[],"LocalNames":[],"Collected":true,"FailureReason":null},{"ObjectIdentifier":"ENSA.LOCAL-S-1-5-32-552","Name":"IGNOREME","Results":[],"LocalNames":[],"Collected":true,"FailureReason":null},{"ObjectIdentifier":"ENSA.LOCAL-S-1-5-32-555","Name":"IGNOREME","Results":[],"LocalNames":[],"Collected":true,"FailureReason":null},{"ObjectIdentifier":"ENSA.LOCAL-S-1-5-32-556","Name":"IGNOREME","Results":[],"LocalNames":[],"Collected":true,"FailureReason":null},{"ObjectIdentifier":"ENSA.LOCAL-S-1-5-32-558","Name":"IGNOREME","Results":[],"LocalNames":[],"Collected":true,"FailureReason":null},{"ObjectIdentifier":"ENSA.LOCAL-S-1-5-32-559","Name":"IGNOREME","Results":[],"LocalNames":[],"Collected":true,"FailureReason":null},{"ObjectIdentifier":"ENSA.LOCAL-S-1-5-32-562","Name":"IGNOREME","Results":[],"LocalNames":[],"Collected":true,"FailureReason":null},{"ObjectIdentifier":"ENSA.LOCAL-S-1-5-32-568","Name":"IGNOREME","Results":[],"LocalNames":[],"Collected":true,"FailureReason":null},{"ObjectIdentifier":"ENSA.LOCAL-S-1-5-32-569","Name":"IGNOREME","Results":[],"LocalNames":[],"Collected":true,"FailureReason":null},{"ObjectIdentifier":"ENSA.LOCAL-S-1-5-32-573","Name":"IGNOREME","Results":[],"LocalNames":[],"Collected":true,"FailureReason":null},{"ObjectIdentifier":"ENSA.LOCAL-S-1-5-32-574","Name":"IGNOREME","Results":[{"ObjectIdentifier":"ENSA.LOCAL-S-1-5-11","ObjectType":"Group"}],"LocalNames":[],"Collected":true,"FailureReason":null},{"ObjectIdentifier":"ENSA.LOCAL-S-1-5-32-575","Name":"IGNOREME","Results":[],"LocalNames":[],"Collected":true,"FailureReason":null},{"ObjectIdentifier":"ENSA.LOCAL-S-1-5-32-576","Name":"IGNOREME","Results":[],"LocalNames":[],"Collected":true,"FailureReason":null},{"ObjectIdentifier":"ENSA.LOCAL-S-1-5-32-577","Name":"IGNOREME","Results":[],"LocalNames":[],"Collected":true,"FailureReason":null},{"ObjectIdentifier":"ENSA.LOCAL-S-1-5-32-578","Name":"IGNOREME","Results":[],"LocalNames":[],"Collected":true,"FailureReason":null},{"ObjectIdentifier":"ENSA.LOCAL-S-1-5-32-579","Name":"IGNOREME","Results":[],"LocalNames":[],"Collected":true,"FailureReason":null},{"ObjectIdentifier":"ENSA.LOCAL-S-1-5-32-580","Name":"IGNOREME","Results":[],"LocalNames":[],"Collected":true,"FailureReason":null},{"ObjectIdentifier":"ENSA.LOCAL-S-1-5-32-582","Name":"IGNOREME","Results":[],"LocalNames":[],"Collected":true,"FailureReason":null}],"UserRights":[],"DCRegistryData":{"CertificateMappingMethods":null,"StrongCertificateBindingEnforcement":null},"Status":null,"IsDC":true,"UnconstrainedDelegation":true,"DomainSID":"S-1-5-21-2306204982-3938368387-2750566528","IsWebClientRunning":{"Result":false,"Collected":true,"FailureReason":null},"SmbInfo":{"Result":{"SigningEnabled":true},"Collected":true,"FailureReason":null},"NtlmSessions":null,"NTLMRegistryData":null,"Aces":[{"PrincipalSID":"S-1-5-21-2306204982-3938368387-2750566528-512","PrincipalType":"Group","RightName":"Owns","IsInherited":false,"InheritanceHash":""},{"PrincipalSID":"S-1-5-21-2306204982-3938368387-2750566528-512","PrincipalType":"Group","RightName":"GenericAll","IsInherited":false,"InheritanceHash":""},{"PrincipalSID":"S-1-5-21-2306204982-3938368387-2750566528-512","PrincipalType":"Group","RightName":"WriteAccountRestrictions","IsInherited":false,"InheritanceHash":""},{"PrincipalSID":"S-1-5-21-2306204982-3938368387-2750566528-526","PrincipalType":"Group","RightName":"AddKeyCredentialLink","IsInherited":true,"InheritanceHash":"FAC5FCE5A7E7ECBC765D48290158142F614B1FF0"},{"PrincipalSID":"S-1-5-21-2306204982-3938368387-2750566528-527","PrincipalType":"Group","RightName":"AddKeyCredentialLink","IsInherited":true,"InheritanceHash":"7B42EC3DEFCEA1CEF69D2F274354C8D25A982D19"},{"PrincipalSID":"S-1-5-21-2306204982-3938368387-2750566528-519","PrincipalType":"Group","RightName":"GenericAll","IsInherited":true,"InheritanceHash":"D40D5EF51C05A0EBDE044F7E0CCE3D7499CC5FBA"},{"PrincipalSID":"ENSA.LOCAL-S-1-5-32-544","PrincipalType":"Group","RightName":"WriteDacl","IsInherited":true,"InheritanceHash":"62C26D4FB3FF64505B03CDD35D648DFBC6C157CC"},{"PrincipalSID":"ENSA.LOCAL-S-1-5-32-544","PrincipalType":"Group","RightName":"WriteOwner","IsInherited":true,"InheritanceHash":"62C26D4FB3FF64505B03CDD35D648DFBC6C157CC"},{"PrincipalSID":"ENSA.LOCAL-S-1-5-32-544","PrincipalType":"Group","RightName":"GenericWrite","IsInherited":true,"InheritanceHash":"62C26D4FB3FF64505B03CDD35D648DFBC6C157CC"}],"ObjectIdentifier":"S-1-5-21-2306204982-3938368387-2750566528-1000","IsDeleted":false,"IsACLProtected":false,"ContainedBy":{"ObjectIdentifier":"0B0E2173-CD70-49BB-845B-E7B494CA2D7A","ObjectType":"OU"}},{"Properties":{"domain":"ENSA.LOCAL","name":"YASSINE.ENSA.LOCAL","distinguishedname":"CN=YASSINE,CN=COMPUTERS,DC=ENSA,DC=LOCAL","domainsid":"S-1-5-21-2306204982-3938368387-2750566528","samaccountname":"YASSINE$","haslaps":false,"doesanyacegrantownerrights":false,"doesanyinheritedacegrantownerrights":false,"isaclprotected":false,"whencreated":1739532762,"enabled":true,"unconstraineddelegation":false,"trustedtoauth":false,"isdc":false,"encryptedtextpwdallowed":false,"usedeskeyonly":false,"logonscriptenabled":false,"lockedout":false,"passwordexpired":false,"supportedencryptiontypes":["RC4-HMAC-MD5","AES128-CTS-HMAC-SHA1-96","AES256-CTS-HMAC-SHA1-96"],"lastlogon":1750440209,"lastlogontimestamp":1750440188,"pwdlastset":1748995007,"serviceprincipalnames":["RestrictedKrbHost/YASSINE","HOST/YASSINE","RestrictedKrbHost/YASSINE.ENSA.local","HOST/YASSINE.ENSA.local"],"email":null,"useraccountcontrol":4096,"operatingsystem":"Windows 10 Enterprise Evaluation","sidhistory":[]},"PrimaryGroupSID":"S-1-5-21-2306204982-3938368387-2750566528-515","AllowedToDelegate":[],"AllowedToAct":[],"HasSIDHistory":[],"DumpSMSAPassword":[],"Sessions":{"Results":[],"Collected":false,"FailureReason":null},"PrivilegedSessions":{"Results":[],"Collected":false,"FailureReason":null},"RegistrySessions":{"Results":[],"Collected":false,"FailureReason":null},"LocalGroups":[],"UserRights":[],"DCRegistryData":{"CertificateMappingMethods":null,"StrongCertificateBindingEnforcement":null},"Status":{"Connectable":false,"Error":"PortNotOpen"},"IsDC":false,"UnconstrainedDelegation":false,"DomainSID":"S-1-5-21-2306204982-3938368387-2750566528","IsWebClientRunning":null,"SmbInfo":null,"NtlmSessions":null,"NTLMRegistryData":null,"Aces":[{"PrincipalSID":"S-1-5-21-2306204982-3938368387-2750566528-512","PrincipalType":"Group","RightName":"Owns","IsInherited":false,"InheritanceHash":""},{"PrincipalSID":"ENSA.LOCAL-S-1-5-32-548","PrincipalType":"Group","RightName":"GenericAll","IsInherited":false,"InheritanceHash":""},{"PrincipalSID":"S-1-5-21-2306204982-3938368387-2750566528-512","PrincipalType":"Group","RightName":"GenericAll","IsInherited":false,"InheritanceHash":""},{"PrincipalSID":"S-1-5-21-2306204982-3938368387-2750566528-512","PrincipalType":"Group","RightName":"WriteAccountRestrictions","IsInherited":false,"InheritanceHash":""},{"PrincipalSID":"S-1-5-21-2306204982-3938368387-2750566528-526","PrincipalType":"Group","RightName":"AddKeyCredentialLink","IsInherited":true,"InheritanceHash":"FAC5FCE5A7E7ECBC765D48290158142F614B1FF0"},{"PrincipalSID":"S-1-5-21-2306204982-3938368387-2750566528-527","PrincipalType":"Group","RightName":"AddKeyCredentialLink","IsInherited":true,"InheritanceHash":"7B42EC3DEFCEA1CEF69D2F274354C8D25A982D19"},{"PrincipalSID":"S-1-5-21-2306204982-3938368387-2750566528-519","PrincipalType":"Group","RightName":"GenericAll","IsInherited":true,"InheritanceHash":"D40D5EF51C05A0EBDE044F7E0CCE3D7499CC5FBA"},{"PrincipalSID":"ENSA.LOCAL-S-1-5-32-544","PrincipalType":"Group","RightName":"WriteDacl","IsInherited":true,"InheritanceHash":"62C26D4FB3FF64505B03CDD35D648DFBC6C157CC"},{"PrincipalSID":"ENSA.LOCAL-S-1-5-32-544","PrincipalType":"Group","RightName":"WriteOwner","IsInherited":true,"InheritanceHash":"62C26D4FB3FF64505B03CDD35D648DFBC6C157CC"},{"PrincipalSID":"ENSA.LOCAL-S-1-5-32-544","PrincipalType":"Group","RightName":"GenericWrite","IsInherited":true,"InheritanceHash":"62C26D4FB3FF64505B03CDD35D648DFBC6C157CC"}],"ObjectIdentifier":"S-1-5-21-2306204982-3938368387-2750566528-1108","IsDeleted":false,"IsACLProtected":false,"ContainedBy":{"ObjectIdentifier":"ACA6BD92-1D84-48C4-BAB6-694A09C3EF8B","ObjectType":"Container"}}],"meta":{"methods":7107563,"type":"computers","count":4,"version":6,"collectorversion":"2.6.7.0"}}